id,kind,resource,band,n,events,nonevents,weighted_units,estimate,se,ci_low,ci_high,status,suppression_reason,n_under_100
national_all,prevalence,national,all,16241.0,672.0,15569.0,16850922.005200002,0.05550403107387114,0.0026631291518140446,0.050509560342333504,0.060960655841832426,PRECISION_TARGET_MET,,False
deposits_nonpositive,prevalence,deposits,nonpositive,832.0,90.0,742.0,1017470.8174,0.11532343443504446,0.014582695588231468,0.08967357884379074,0.14712431876794232,PRECISION_TARGET_MET,,False
deposits_positive_under_5000,prevalence,deposits,positive_under_5000,4773.0,403.0,4370.0,5994415.743799999,0.09450133229179314,0.005539900495396625,0.0841878257101182,0.10593215914095652,PRECISION_TARGET_MET,,False
deposits_5000_under_20000,prevalence,deposits,5000_under_20000,4290.0,119.0,4171.0,4644441.2282,0.03724085363591382,0.0047602477503919235,0.028955371012266376,0.04778054038751825,PRECISION_TARGET_MET,,False
deposits_20000_plus,prevalence,deposits,20000_plus,6346.0,60.0,6286.0,5194594.2158,0.015114296928371056,0.00241063208794718,0.011049236060963735,0.020643692269481432,PRECISION_TARGET_MET,,False
deposits_TFSA_nonpositive,prevalence,deposits_TFSA,nonpositive,608.0,74.0,534.0,764930.8012999999,0.11759446193972997,0.015671134646859902,0.09018230763162126,0.15194735223146966,PRECISION_TARGET_MET,,False
deposits_TFSA_positive_under_5000,prevalence,deposits_TFSA,positive_under_5000,3461.0,350.0,3111.0,4554034.6728,0.10891202721015876,0.006819049588211483,0.09624894977888573,0.12301436147112073,PRECISION_TARGET_MET,,False
deposits_TFSA_5000_under_20000,prevalence,deposits_TFSA,5000_under_20000,2996.0,126.0,2870.0,3634114.0288,0.05187919289430086,0.0062792188416022,0.04086454053861663,0.065659499548809,PRECISION_TARGET_MET,,False
deposits_TFSA_20000_plus,prevalence,deposits_TFSA,20000_plus,9176.0,122.0,9054.0,7897842.5023,0.020362323210822028,0.002385420466811839,0.016176669020253602,0.025602815816499327,PRECISION_TARGET_MET,,False
deposits_contrast,difference,deposits,positive_under_5000 minus 20000_plus,,,,,0.07938703536342208,0.005958166672990853,0.06770924327047317,0.09106482745637098,PRECISION_TARGET_MET,,False
deposits_TFSA_contrast,difference,deposits_TFSA,positive_under_5000 minus 20000_plus,,,,,0.08854970399933673,0.007233463321454338,0.07437237640579475,0.10272703159287871,PRECISION_TARGET_MET,,False
