source_id,author,title,vintage,locator,supported_claim,policy_effective_date,claim_class
S01,Statistics Canada,Labour Force Survey public microdata and guide,August 2026,https://www150.statcan.gc.ca/n1/pub/71m0001x/2021001/2026-08-CSV.zip,Sprint 3.19 weighted hourly wage analysis,Not asserted,Descriptive or methodological
S02,Statistics Canada,Survey of Financial Security public microdata and documentation,2023 interviews; retrospective 12 month outcome,https://www150.statcan.gc.ca/n1/pub/13m0006x/2021001/SFS2023-eng.zip,Sprint 3.21 deposits and missed payment analysis,Not asserted,Descriptive or methodological
S03,Statistics Canada,Experimental Estimates of Potential Artificial Intelligence Occupational Exposure in Canada,2024 publication,https://www150.statcan.gc.ca/n1/pub/11f0019m/11f0019m2024005-eng.htm,Experimental exposure methodology; no observed displacement inference,Not asserted,Descriptive or methodological
S04,International Labour Organization,Generative AI and Jobs A Refined Global Index of Occupational Exposure,20 May 2025,https://www.ilo.org/publications/generative-ai-and-jobs-refined-global-index-occupational-exposure,Task exposure and potential transformation,Not asserted,Descriptive or methodological
S05,Pizzinelli and colleagues IMF,Labor Market Exposure to AI Cross country Differences and Distributional Implications,4 October 2023,https://www.imf.org/en/publications/wp/issues/2023/10/04/labor-market-exposure-to-ai-cross-country-differences-and-distributional-implications-539656,Exposure and complementarity distinction,Not asserted,Descriptive or methodological
S06,Canada COI AET project,Broad group labour analysis retained in whole plan review,2026Q2 endpoint; review 28 September 2026,evidence/SPRINT_3_17_REVIEW_SNAPSHOT.md,Inherited Sprint 3.16 summary; not independently reproduced in 3.23,Not asserted,Descriptive or methodological
S07,Canada COI AET project,Scenario engine example version 0.6.1,Frozen example; mixed price years,evidence/ENGINE_v0_6_1_EXAMPLE.json,Assumptions and conditional scenario results,Not asserted,Assumption
S08,Canada COI AET project,Data feasibility assessment,Sprint 3.18,evidence/DATA_FEASIBILITY_MATRIX.csv,Public longitudinal and population measurement limitations,Not asserted,Descriptive or methodological
S09,Canada COI AET project,Integration decisions and Phase 1 closure contract,Sprint 3.22,evidence/ENGINE_INTEGRATION_DECISIONS.md,No empirical parameter substitution; fixed closure scope,Not asserted,Descriptive or methodological
