domain,code,label,eligible_n,valid_n,excluded_n,weighted_excluded_pct,weighted_employees,mean_cad_hour,se,cv_pct,ci95_low,ci95_high,quality
National,0,All employees,57159,57159,0,0.0,18538139.0,37.02384344674511,0.11640428833932029,0.31440357753985093,36.79569523395403,37.251991659536195,ACCEPTABLE
IMMIG,1,"Immigrant, landed 10 or less years earlier",4944,4944,0,0.0,1928923.0,34.11537241766519,0.37153097062727447,1.0890426933604072,33.38718509609453,34.84355973923586,ACCEPTABLE
IMMIG,2,"Immigrant, landed more than 10 years earlier",7852,7852,0,0.0,3232502.0,38.8926866186007,0.3243687316567103,0.8340095782984009,38.25693558684261,39.52843765035879,ACCEPTABLE
IMMIG,3,Non-immigrant,44363,44363,0,0.0,13376714.0,36.99163653644684,0.13192781570647716,0.35664227933384973,36.73306276910311,37.250210303790574,ACCEPTABLE
NOC_43,1,Legislative and senior management occupations,102,102,0,0.0,37802.0,99.74862255965293,6.865810327376914,6.883112920452547,86.29188159331102,113.20536352599484,ACCEPTABLE
NOC_43,2,Specialized middle management occupations,2332,2332,0,0.0,848642.0,65.46777215834236,0.7209233453940772,1.1011881443749605,64.05478836575584,66.88075595092887,ACCEPTABLE
NOC_43,3,Middle management occupations in retail and wholesale trade and customer services,827,827,0,0.0,287629.0,45.95891099298055,1.2013685986737845,2.6140057993481904,43.60427180742258,48.31355017853852,ACCEPTABLE
NOC_43,4,"Middle management occupations in trades, transportation, production and utilities",925,925,0,0.0,304756.0,58.74210906430065,1.1787808434536913,2.0067050063922065,56.431741065465665,61.05247706313563,ACCEPTABLE
NOC_43,5,Professional occupations in finance,1095,1095,0,0.0,453435.0,49.93809319968683,1.0688425414380578,2.1403351088398397,47.843200313323976,52.03298608604969,ACCEPTABLE
NOC_43,6,Professional occupations in business,1065,1065,0,0.0,408947.0,46.254514105739865,0.8895845513736982,1.9232383445647458,44.510960423844196,47.998067787635534,ACCEPTABLE
NOC_43,7,Administrative and financial supervisors and specialized administrative occupations,1973,1973,0,0.0,655263.0,38.53256748816888,0.5031015277288542,1.3056527517490952,37.54650661325324,39.51862836308452,ACCEPTABLE
NOC_43,8,Administrative occupations and transportation logistics occupations,2415,2415,0,0.0,769113.0,32.83656925575306,0.3885599167343443,1.1833145957118145,32.07500581311786,33.59813269838826,ACCEPTABLE
NOC_43,9,Administrative and financial support and supply chain logistics occupations,2482,2482,0,0.0,796280.0,27.374156703672075,0.2538593740224146,0.9273687469917966,26.876601473450258,27.87171193389389,ACCEPTABLE
NOC_43,10,Professional occupations in natural sciences,263,263,0,0.0,91421.0,48.875076842301,1.638384419074139,3.3521879144262137,45.66390238808411,52.08625129651789,ACCEPTABLE
NOC_43,11,Professional occupations in applied sciences (except engineering),1746,1746,0,0.0,771822.0,56.08222388063569,0.6953966897561923,1.2399591914119903,54.719271413745176,57.4451763475262,ACCEPTABLE
NOC_43,12,Professional occupations in engineering,717,717,0,0.0,285122.0,55.4542990369035,1.1148982807113208,2.0104812432474946,53.269138560283686,57.63945951352331,ACCEPTABLE
NOC_43,13,Technical occupations related to natural and applied sciences,1917,1917,0,0.0,663500.0,40.36711196684251,0.5429995200239498,1.3451532536436317,39.30285246397303,41.43137146971198,ACCEPTABLE
NOC_43,14,Health treating and consultation services professionals,418,418,0,0.0,125651.0,53.99416908739285,2.061712661938034,3.8183987211675148,49.9532865235241,58.0350516512616,ACCEPTABLE
NOC_43,15,Therapy and assessment professionals,231,231,0,0.0,76885.0,51.09796514274567,1.2494592702039489,2.4452231448228883,48.64906997299623,53.54686031249511,ACCEPTABLE
NOC_43,16,Nursing and allied health professionals,1573,1573,0,0.0,443393.0,47.569376129077376,0.42409112519554254,0.8915213099385416,46.73817279753104,48.40057946062371,ACCEPTABLE
NOC_43,17,Technical occupations in health,1186,1186,0,0.0,345616.0,37.467051785796954,0.49408004811420014,1.318705434681403,36.49867268601331,38.4354308855806,ACCEPTABLE
NOC_43,18,Assisting occupations in support of health services,1762,1762,0,0.0,501077.0,26.943731143117727,0.22972079904837658,0.8525946084755767,26.493486650483145,27.39397563575231,ACCEPTABLE
NOC_43,19,Professional occupations in law,192,192,0,0.0,88488.0,69.85405117078022,2.638846724876668,3.7776573880091457,64.68200662930047,75.02609571225997,ACCEPTABLE
NOC_43,20,Professional occupations in education services,2158,2158,0,0.0,677302.0,49.17533657068781,0.6059342568910242,1.2321913771144506,47.98772725018236,50.36294589119326,ACCEPTABLE
NOC_43,21,Professional occupations in social and community services,701,701,0,0.0,205660.0,40.178939463191675,0.683193869809026,1.700378056107993,38.839904083907435,41.517974842475915,ACCEPTABLE
NOC_43,22,Professional occupations in government services,740,740,0,0.0,257419.0,48.809857508575526,0.9123937486620184,1.869281729621353,47.02159862147848,50.59811639567257,ACCEPTABLE
NOC_43,23,Occupations in front-line public protection services,405,405,0,0.0,141692.0,51.65194689890748,0.9877421998693076,1.9123039094779986,49.71600776115328,53.587886036661686,ACCEPTABLE
NOC_43,24,"Paraprofessional occupations in legal, social, community and education services",1573,1573,0,0.0,475826.0,28.176688768583478,0.33183491541582344,1.1776930857319672,27.526304285555568,28.827073251611388,ACCEPTABLE
NOC_43,25,Assisting occupations in education and in legal and public protection,411,411,0,0.0,123613.0,36.10624440795063,0.9178763800799934,2.542154120792125,34.30723976073385,37.90524905516742,ACCEPTABLE
NOC_43,26,"Care providers and public protection support occupations and student monitors, crossing guards and related occupations",385,385,0,0.0,105164.0,23.14863632041383,0.41229956979445026,1.7810965798916643,22.340544012775347,23.95672862805231,ACCEPTABLE
NOC_43,27,Professional occupations in art and culture,231,231,0,0.0,103295.0,43.70222382496733,1.7115675115597107,3.9164311601504416,40.34761314520145,47.0568345047332,ACCEPTABLE
NOC_43,28,"Technical occupations in art, culture and sport",289,289,0,0.0,138465.0,37.79820048387679,1.1559550089985027,3.058227625126194,35.53257029849105,40.06383066926253,ACCEPTABLE
NOC_43,29,"Occupations in art, culture and sport",163,163,0,0.0,61161.0,29.682322067984497,1.7476099831850542,5.887713162003707,26.257069441919143,33.10757469404985,ACCEPTABLE
NOC_43,30,"Support occupations in art, culture and sport",593,593,0,0.0,201137.0,21.424626001183267,0.39645612859815177,1.8504693084315953,20.64758626768071,22.201665734685825,ACCEPTABLE
NOC_43,31,Retail sales and service supervisors and specialized occupations in sales and services,1839,1839,0,0.0,624038.0,30.23623679968208,0.4956333107568817,1.6392030332362428,29.26481336106024,31.207660238303916,ACCEPTABLE
NOC_43,32,Occupations in sales and services,1597,1597,0,0.0,526702.0,27.04228425181601,0.502490717584468,1.8581666877890446,26.057420542784765,28.027147960847255,ACCEPTABLE
NOC_43,33,Sales and service representatives and other customer and personal services occupations,3864,3864,0,0.0,1309510.0,25.20232623653122,0.26115417278424924,1.0362304270377296,24.690473463461743,25.7141790096007,ACCEPTABLE
NOC_43,34,Sales and service support occupations,5718,5718,0,0.0,1745458.0,20.20138342486614,0.09440599756372754,0.4673244182253478,20.01635106971666,20.38641578001562,ACCEPTABLE
NOC_43,35,Technical trades and transportation officers and controllers,4424,4424,0,0.0,1307895.0,39.094925792972674,0.2855883886878561,0.7304998868656011,38.53518283674165,39.6546687492037,ACCEPTABLE
NOC_43,36,General trades,2436,2436,0,0.0,694210.0,31.146063827948314,0.29155582066870533,0.936092028447856,30.574624919954633,31.717502735941995,ACCEPTABLE
NOC_43,37,"Mail and message distribution, other transport equipment operators and related maintenance workers",530,530,0,0.0,146427.0,30.028125414028835,0.54185830776608,1.8045026131165993,28.9661026460835,31.090148181974172,ACCEPTABLE
NOC_43,38,"Helpers and labourers and other transport drivers, operators and labourers",1714,1714,0,0.0,541065.0,25.97917621727519,0.2686721046308763,1.0341825406004188,25.452588568548094,26.505763866002283,ACCEPTABLE
NOC_43,39,"Supervisors and occupations in natural resources, agriculture and related production",583,583,0,0.0,120055.0,45.41009145808171,0.855992314416805,1.8850266249892405,43.73237735078168,47.087805565381736,ACCEPTABLE
NOC_43,40,"Workers and labourers in natural resources, agriculture and related production",1006,1006,0,0.0,243158.0,24.592998503030955,0.387065107092542,1.5738833434436157,23.834364833457435,25.351632172604475,ACCEPTABLE
NOC_43,41,"Supervisors, central control and process operators in processing, manufacturing and utilities and aircraft assemblers and inspectors",582,582,0,0.0,184210.0,44.7018709082026,1.1195903539072232,2.5045715786848266,42.50751413710599,46.89622767929921,ACCEPTABLE
NOC_43,42,"Machine operators, assemblers and inspectors in processing, manufacturing and printing",1490,1490,0,0.0,502311.0,27.75323554530958,0.28149416981725756,1.0142751440915556,27.201517110609753,28.304953980009405,ACCEPTABLE
NOC_43,43,"Labourers in processing, manufacturing and utilities",506,506,0,0.0,147524.0,23.298174602098644,0.3615169909726109,1.551696633521007,22.589614319993036,24.006734884204253,ACCEPTABLE
